LOOK,TYPE,PRODUCT,PRICE,LINK,ORDER
THE SUPER MODEL,BIGGER BRIGHTER EYES ,EXAGGER-EYES,£40.00,https://www.charlottetilbury.com/uk/product/bigger-brighter-eyeshadow-exaggereyes,1
THE SUPER MODEL,THE CLASSIC,CLASSIC BROWN,£16.00,https://www.charlottetilbury.com/uk/product/the-classic-classic-brown,2
THE SUPER MODEL,FULL FAT LASHES,CLASSIC BROWN,£23.00,https://www.charlottetilbury.com/uk/product/full-fat-lashes-glossy-black,3
THE SUPER MODEL,CHEEK TO CHIC,THE CLIMAX,£30.00,https://www.charlottetilbury.com/uk/product/cheek-to-chic-the-climax,4
THE SUPER MODEL,LIP CHEAT,LOVE TRAP,£17.00,https://www.charlottetilbury.com/uk/product/lip-cheat-love-trap,5
THE SUPER MODEL,SUPERSTAR LIPS,SEXY LIPS,£25.00,https://www.charlottetilbury.com/uk/product/superstar-lips-sexy-lips,6
THE SUPER MODEL,COLLAGEN LIP BATH,REFRESH ROSE,£25.00,https://www.charlottetilbury.com/uk/product/collagen-plumping-lipgloss-refresh-rose,7
THE UPTOWN GIRL,LUXURY PALETTE,THE UPTOWN GIRL,£40.00,https://www.charlottetilbury.com/uk/product/luxury-palette-the-uptown-girl,1
THE UPTOWN GIRL,THE CLASSIC,CLASSIC BROWN,£16.00,https://www.charlottetilbury.com/uk/product/the-classic-classic-brown,2
THE UPTOWN GIRL,FULL FAT LASHES,GLOSSY BLACK,£23.00,https://www.charlottetilbury.com/uk/product/full-fat-lashes-glossy-black,3
THE UPTOWN GIRL,CHEEK TO CHIC,LOVE GLOW,£30.00,https://www.charlottetilbury.com/uk/product/cheek-to-chic-love-glow,4
THE UPTOWN GIRL,LIP CHEAT,PINK VENUS,£17.00,https://www.charlottetilbury.com/uk/product/lip-cheat-pink-venus,5
THE UPTOWN GIRL,K.I.S.S.I.N.G,BITCH PERFECT,£25.00,https://www.charlottetilbury.com/uk/product/k-i-s-s-i-n-g-bitch-perfect,6
THE UPTOWN GIRL,LIP LUSTRE,SWEET STILETTO,£19.00,https://www.charlottetilbury.com/uk/product/lip-lustre-sweet-stiletto,7
THE GOLDEN GODDESS,LUXURY PALETTE,THE GOLDEN GODDESS,£40.00,https://www.charlottetilbury.com/uk/product/luxury-palette-the-golden-goddess,1
THE GOLDEN GODDESS,THE CLASSIC,SHIMMERING BROWN,£16.00,https://www.charlottetilbury.com/uk/product/the-classic-shimmering-brown,2
THE GOLDEN GODDESS,FULL FAT LASHES,GLOSSY BLACK,£23.00,https://www.charlottetilbury.com/uk/product/full-fat-lashes-glossy-black,3
THE GOLDEN GODDESS,CHEEK TO CHIC,ECSTASY,£30.00,https://www.charlottetilbury.com/uk/product/cheek-to-chic-ecstasy,4
THE GOLDEN GODDESS,LIP CHEAT,PILLOW TALK ORIGINAL,£17.00,https://www.charlottetilbury.com/uk/product/lip-cheat-pillowtalk,5
THE GOLDEN GODDESS,K.I.S.S.I.N.G,STONED ROSE,£25.00,https://www.charlottetilbury.com/uk/product/k-i-s-s-i-n-g-stoned-rose,6
THE GOLDEN GODDESS,LIP LUSTRE,IBIZA NIGHTS,£19.00,https://www.charlottetilbury.com/uk/product/lip-lustre-ibiza-nights,7
THE SOPHISTICATE,LUXURY PALETTE,THE SOPHISTICATE,£40.00,https://www.charlottetilbury.com/uk/product/luxury-palette-the-sophisticate,1
THE SOPHISTICATE,THE CLASSIC,CLASSIC BROWN,£16.00,https://www.charlottetilbury.com/uk/product/the-classic-classic-brown,2
THE SOPHISTICATE,FULL FAT LASHES,GLOSSY BLACK,£23.00,https://www.charlottetilbury.com/uk/product/full-fat-lashes-glossy-black,3
THE SOPHISTICATE,CHEEK TO CHIC,SEX ON FIRE,£30.00,https://www.charlottetilbury.com/uk/product/cheek-to-chic-sex-on-fire,4
THE SOPHISTICATE,LIP CHEAT,PILLOW TALK ORIGINAL,£17.00,https://www.charlottetilbury.com/uk/product/lip-cheat-pillowtalk,5
THE SOPHISTICATE,K.I.S.S.I.N.G,YES HONEY,£25.00,https://www.charlottetilbury.com/uk/product/k-i-s-s-i-n-g-yes-honey,6
THE SOPHISTICATE,LIP LUSTRE,HIGH SOCIETY,£19.00,https://www.charlottetilbury.com/uk/product/lip-lustre-high-society,7
THE BOMBSHELL,COLOUR CHAMELEON,AMBER HAZE,£19.00,https://www.charlottetilbury.com/uk/product/colour-chameleon-amber-haze,1
THE BOMBSHELL,THE FELINE FLICK,PANTHER,£22.00,https://www.charlottetilbury.com/uk/product/the-feline-flick-eyeliner-panther,2
THE BOMBSHELL,FULL FAT LASHES,GLOSSY BLACK,£23.00,https://www.charlottetilbury.com/uk/product/full-fat-lashes-glossy-black,3
THE BOMBSHELL,CHEEK TO CHIC,SEX ON FIRE,£30.00,https://www.charlottetilbury.com/uk/product/cheek-to-chic-sex-on-fire,4
THE BOMBSHELL,LIP CHEAT,KISS 'N' TELL,£17.00,https://www.charlottetilbury.com/uk/product/lip-cheat-kiss-n-tell,5
THE BOMBSHELL,K.I.S.S.I.N.G,SO RED,£25.00,https://www.charlottetilbury.com/uk/product/k-i-s-s-i-n-g-so-red,6
THE BOMBSHELL,LIP LUSTRE,RED VIXEN,£19.00,https://www.charlottetilbury.com/uk/product/lip-lustre-red-vixen,7
THE BELLA SOFIA,LUXURY PALETTE,THE BELLA SOFIA,£40.00,https://www.charlottetilbury.com/uk/product/luxury-palette-the-bella-sofia,1
THE BELLA SOFIA,THE FELINE FLICK,PARTNER,£22.00,https://www.charlottetilbury.com/uk/product/the-feline-flick-eyeliner-panther,2
THE BELLA SOFIA,FULL FAT LASHES,GLOSSY BLACK,£23.00,https://www.charlottetilbury.com/uk/product/full-fat-lashes-glossy-black,3
THE BELLA SOFIA,CHEEK TO CHIC,ECSTASY,£30.00,https://www.charlottetilbury.com/uk/product/cheek-to-chic-ecstasy,4
THE BELLA SOFIA,LIP CHEAT,PILLOW TALK ORIGINAL,£17.00,https://www.charlottetilbury.com/uk/product/lip-cheat-pillowtalk,5
THE BELLA SOFIA,K.I.S.S.I.N.G,PENELOPE PINK,£25.00,https://www.charlottetilbury.com/uk/product/k-i-s-s-i-n-g-yes-honey,6
THE BELLA SOFIA,LIP LUSTRE,SEDUCTION,£19.00,https://www.charlottetilbury.com/uk/product/lip-lustre-seduction,7
THE VINTAGE VAMP,LUXURY PALETTE,THE VINTAGE VAMP,£40.00,https://www.charlottetilbury.com/uk/product/luxury-palette-the-vintage-vamp,1
THE VINTAGE VAMP,ROCK 'N' KOHL,BARBARELLA BROWN,£19.00,https://www.charlottetilbury.com/uk/product/rock-n-kohl-barbarella-brown,2
THE VINTAGE VAMP,FULL FAT LASHES,GLOSSY BLACK,£23.00,https://www.charlottetilbury.com/uk/product/full-fat-lashes-glossy-black,3
THE VINTAGE VAMP,CHEEK TO CHIC,LOVE IS THE DRUG,£30.00,https://www.charlottetilbury.com/uk/product/cheek-to-chic-love-is-the-drug,4
THE VINTAGE VAMP,LUSCIOUS LIP SLICK,WALK OF NO SHAME,£37.80,https://www.charlottetilbury.com/uk/product/luscious-lip-slick-walk-of-no-shame,5
THE VINTAGE VAMP,LIP LUSTRE,UNLEASH ME,£19.00,https://www.charlottetilbury.com/uk/product/lip-lustre-unleash-me,6
THE VINTAGE VAMP,LUSCIOUS LIP SLICK,WALK OF NO SHAME,£37.80,https://www.charlottetilbury.com/uk/product/luscious-lip-slick-walk-of-no-shame,7
THE QUEEN OF GLOW,LUXURY PALETTE,QUEEN OF GLOW,£40.00,https://www.charlottetilbury.com/uk/product/luxury-palette-the-queen-of-glow,1
THE QUEEN OF GLOW,ROCK 'N' KOHL,BARBARELLA BROWN,£19.00,https://www.charlottetilbury.com/uk/product/rock-n-kohl-barbarella-brown,2
THE QUEEN OF GLOW,FULL FAT LASHES,GLOSSY BLACK,£23.00,https://www.charlottetilbury.com/uk/product/full-fat-lashes-glossy-black,3
THE QUEEN OF GLOW,BEAUTY LIGHT WAVE,GOLDGASM,£29.00,https://www.charlottetilbury.com/uk/product/beauty-light-wand-highlighter-goldgasm,4
THE QUEEN OF GLOW,LIP CHEAT,HOT GOSSIP,£17.00,https://www.charlottetilbury.com/uk/product/lip-cheat-hot-gossip,5
THE QUEEN OF GLOW,PILLOW TALK DIAMONDS,LUCKY DIAMONDS,£25.00,https://www.charlottetilbury.com/uk/product/lucky-diamonds-glittering-lipstick,6
THE QUEEN OF GLOW,COLLAGEN LIP BATH,REFRESH ROSE,£25.00,https://www.charlottetilbury.com/uk/product/collagen-plumping-lipgloss-refresh-rose,7
THE REBEL,LUXURY PALETTE,THE REBEL,£40.00,https://www.charlottetilbury.com/uk/product/luxury-palette-the-rebel,1
THE REBEL,ROCK 'N' KOHL,BEDROOM BLACK,£19.00,https://www.charlottetilbury.com/uk/product/rock-n-kohl-bedroom-black,2
THE REBEL,FULL FAT LASHES,GLOSSY BLACK,£23.00,https://www.charlottetilbury.com/uk/product/full-fat-lashes-glossy-black,3
THE REBEL,CHEEK TO CHIC,FIRST LOVE,£30.00,https://www.charlottetilbury.com/uk/product/cheek-to-chic-first-love,4
THE REBEL,LIP CHEAT,ICONIC NUDE,£17.00,https://www.charlottetilbury.com/uk/product/lip-cheat-iconic-nude,5
THE REBEL,MATTE REVOLUTION,VERY VICTORIA,£25.00,https://www.charlottetilbury.com/uk/product/matte-revolution-very-victoria,6
THE REBEL,LIP LUSTRE,HALL OF FAME,£19.00,https://www.charlottetilbury.com/uk/product/lip-lustre-hall-of-fame,7
THE ROCK CHICK,LUXURY PALETTE,THE ROCK CHICK,£40.00,https://www.charlottetilbury.com/uk/product/luxury-palette-the-rock-chick,1
THE ROCK CHICK,THE FELINE FLICK,PANTHER,£22.00,https://www.charlottetilbury.com/uk/product/the-feline-flick-eyeliner-panther,2
THE ROCK CHICK,FULL FAT LASHES,GLOSSY BLACK,£23.00,https://www.charlottetilbury.com/uk/product/full-fat-lashes-glossy-black,3
THE ROCK CHICK,CHEEK TO CHIC,THE CLIMAX,£30.00,https://www.charlottetilbury.com/uk/product/cheek-to-chic-the-climax,4
THE ROCK CHICK,LIP CHEAT,FOXY BROWN,£17.00,https://www.charlottetilbury.com/uk/product/lip-cheat-foxy-brown,5
THE ROCK CHICK,K.I.S.S.I.N.G,NUDE KATE,£25.00,https://www.charlottetilbury.com/uk/product/k-i-s-s-i-n-g-nude-kate,6
THE ROCK CHICK,LIP LUSTRE,BLONDIE,£19.00,https://www.charlottetilbury.com/uk/product/lip-lustre-blondie,7